{
	"format_version": "1.8.0",
	"animations": {
		"head_idle": {
			"loop": true,
			"animation_length": 2.08,
			"bones": {
				"head": {
					"rotation": {
						"0.0": [0, 0, 0],
						"0.24": [0, 0, 0],
						"0.56": [0, 270, 0],
						"0.92": [0, 270, 0],
						"1.24": [0, 360, 0],
						"1.56": [0, 360, 0],
						"2.0": [0, 0, 0]
					}
				}
			}
		},
		"idle": {
			"loop": true,
			"animation_length": 1.04,
			"bones": {
				"body": {
					"rotation": {
						"0.0": [0, 0, 0],
						"0.52": [-5, 0, 0],
						"1.04": [0, 0, 0]
					}
				},
				"rightArm": {
					"rotation": {
						"0.0": [0, 0, 0],
						"0.52": [-2.4055, -2.49762, -4.33287],
						"1.04": [0, 0, 0]
					}
				},
				"rightArm_r1": {
					"rotation": {
						"0.0": [0, 0, 0],
						"0.52": [9.98108, 0.43506, -4.98108],
						"1.04": [0, 0, 0]
					}
				},
				"leftArm": {
					"rotation": {
						"0.0": [0, 0, 0],
						"0.52": [-4.9055, 2.49762, 4.33287],
						"1.04": [0, 0, 0]
					}
				},
				"leftArm_r": {
					"rotation": {
						"0.0": [0, 0, 0],
						"0.52": [5.01153, 0.54102, 2.44079],
						"1.04": [0, 0, 0]
					}
				}
			}
		},
		"run": {
			"loop": true,
			"animation_length": 1.04,
			"bones": {
				"body": {
					"rotation": {
						"0.0": [0, 0, 0],
						"0.52": [-5, 0, 0],
						"1.04": [0, 0, 0]
					},
					"position": {
						"0.0": [0, 0, 0],
						"0.4": [0, -3, 0],
						"0.72": [0, 0, 0]
					}
				},
				"rightArm": {
					"rotation": {
						"0.0": [0, 0, 0],
						"0.28": [72.5945, -2.49762, -4.33287],
						"0.76": [-18.11, -1.18, -2.05],
						"1.0": [0, 0, 0]
					}
				},
				"rightArm_r1": {
					"rotation": {
						"0.0": [0, 0, 0],
						"0.52": [9.98108, 0.43506, -4.98108],
						"1.04": [0, 0, 0]
					}
				},
				"leftArm": {
					"rotation": {
						"0.0": [0, 0, 0],
						"0.28": [-29.9055, 2.49762, 4.33287],
						"0.68": [80.83, 1.18, 2.05],
						"1.04": [0, 0, 0]
					}
				},
				"leftArm_r": {
					"rotation": {
						"0.0": [0, 0, 0],
						"0.52": [5.01153, 0.54102, 2.44079],
						"1.04": [0, 0, 0]
					}
				},
				"ancient_hero": {
					"position": {
						"0.0": [0, 0, 0],
						"0.28": [0, 2, 0],
						"0.52": [0, 0, 0],
						"0.76": [0, -2, 0],
						"1.04": [0, 0, 0]
					}
				},
				"leftLeg": {
					"rotation": {
						"0.0": [0, 0, 0],
						"0.2": [-40, 0, 0],
						"0.44": [0, 0, 0],
						"0.8": [38.97, 0, 0],
						"1.04": [0, 0, 0]
					}
				},
				"leftLegPart": {
					"rotation": {
						"0.0": [0, 0, 0],
						"0.28": [-12.5, 0, 0],
						"0.84": [14.21, 0, 0],
						"1.04": [0, 0, 0]
					}
				},
				"rightLeg": {
					"rotation": {
						"0.0": [0, 0, 0],
						"0.2": [42.5, 0, 0],
						"0.44": [0, 0, 0],
						"0.8": [-40, 0, 0],
						"1.04": [0, 0, 0]
					}
				},
				"rightLegPart": {
					"rotation": {
						"0.0": [0, 0, 0],
						"0.28": [35, 0, 0],
						"0.76": [-27.11, 0, 0],
						"1.04": [0, 0, 0]
					}
				}
			}
		},
		"hit": {
			"animation_length": 1.36,
			"bones": {
				"body": {
					"rotation": {
						"0.0": [0, 0, 0],
						"0.4": [0.17551, -14.94154, -1.33832],
						"0.72": [0.17551, -14.94154, -1.33832],
						"0.84": [0, 0, 0],
						"1.12": [0, 0, 0],
						"1.36": [0, 0, 0]
					}
				},
				"rightArm": {
					"rotation": {
						"0.0": [0, 0, 0],
						"0.4": [43.7576, -16.70167, -44.4915],
						"0.72": [43.7576, -16.70167, -44.4915],
						"0.84": [-32.5, 0, 0],
						"1.12": [-32.5, 0, 0],
						"1.36": [0, 0, 0]
					}
				},
				"rightArm_r1": {
					"rotation": {
						"0.0": [0, 0, 0],
						"0.32": [-0.51405, 24.8983, -2.32819],
						"0.44": [37.5, 0, 0],
						"0.72": [37.5, 0, 0],
						"0.88": [5, 0, 0]
					}
				}
			}
		},
		"hit2": {
			"animation_length": 1.36,
			"bones": {
				"body": {
					"rotation": {
						"0.0": [0, 0, 0],
						"0.4": [0.51405, 24.8983, 2.32819],
						"0.72": [0.51405, 24.8983, 2.32819],
						"0.84": [0, 0, 0],
						"1.12": [0, 0, 0],
						"1.36": [0, 0, 0]
					}
				},
				"leftArm": {
					"rotation": {
						"0.0": [0, 0, 0],
						"0.32": [-0.51405, 24.8983, -2.32819],
						"0.44": [37.5, 0, 0],
						"0.72": [37.5, 0, 0],
						"0.88": [5, 0, 0]
					}
				},
				"leftArm_r": {
					"rotation": {
						"0.0": [0, 0, 0],
						"0.4": [-43.7576, -16.7017, 44.4915],
						"0.72": [-43.7576, -16.7017, 44.4915],
						"0.84": [-32.5, 0, 0],
						"1.12": [-32.5, 0, 0],
						"1.36": [0, 0, 0]
					}
				}
			}
		},
		"twirling": {
			"loop": true,
			"animation_length": 0.24,
			"bones": {
				"body": {
					"rotation": {
						"0.0": [0, -360, 0],
						"0.24": [0, 0, 0]
					}
				},
				"rightArm": {
					"rotation": [52.93997, -9.62904, -59.02916]
				},
				"rightArm_r1": {
					"rotation": {
						"0.0": [0.01687, 0.43797, 4.98277],
						"0.08": [0.78025, -2.6851, -32.40102],
						"0.16": [0.16962, 1.29306, 14.94544],
						"0.24": [0.0169, 0.438, 4.9828]
					}
				},
				"leftArm": {
					"rotation": [35.84485, -11.06861, 61.93319]
				},
				"leftArm_r": {
					"rotation": {
						"0.0": [0.23041, 1.50237, 17.4374],
						"0.08": [0.90116, -2.86654, -34.89735],
						"0.16": [0.56276, 2.30732, 27.41056],
						"0.24": [0.2304, 1.5024, 17.4374]
					}
				}
			}
		}
	}
}