{
	"format_version": "1.8.0",
	"animations": {
		"idle": {
			"loop": true,
			"animation_length": 1.04,
			"bones": {
				"head": {
					"rotation": {
						"0.0": [0, 0, 0],
						"0.52": [-7.5, 0, 0],
						"1.04": [0, 0, 0]
					}
				},
				"body": {
					"rotation": {
						"0.0": [0, 0, 0],
						"0.52": [5, 0, 0],
						"1.04": [0, 0, 0]
					}
				},
				"leftArm": {
					"rotation": {
						"0.0": [0, 0, 0],
						"0.52": [-17.5, 0, 10],
						"1.04": [0, 0, 0]
					}
				},
				"rightArm": {
					"rotation": {
						"0.0": [0, 0, 0],
						"0.52": [-17.5, 0, -10],
						"1.04": [0, 0, 0]
					}
				},
				"tail": {
					"rotation": {
						"0.0": [0, 0, 0],
						"0.52": [15, 0, 0],
						"1.04": [0, 0, 0]
					}
				},
				"soul": {
					"position": {
						"0.0": [0, 0, 0],
						"0.24": [0, -0.5, 0],
						"0.84": [0, 0.5, 0],
						"1.04": [0, 0, 0]
					}
				}
			}
		},
		"idle1": {
			"animation_length": 1.04,
			"bones": {
				"body": {
					"rotation": {
						"0.0": [0, 0, 0],
						"0.36": [20, 0, 0],
						"0.72": [0, 0, 0]
					}
				},
				"leftArm": {
					"rotation": {
						"0.0": [0, 0, 0],
						"0.2": [40, 0, 40],
						"0.72": [0, 0, 0]
					}
				},
				"rightArm": {
					"rotation": {
						"0.0": [0, 0, 0],
						"0.2": [40, 0, -40],
						"0.72": [0, 0, 0]
					}
				},
				"tail": {
					"rotation": {
						"0.0": [0, 0, 0],
						"0.36": [-60, 0, 0],
						"0.72": [0, 0, 0]
					}
				},
				"soul": {
					"rotation": {
						"0.0": [0, 0, 0],
						"0.72": [360, 0, 0]
					},
					"position": {
						"0.0": [0, 0, 0],
						"0.72": [0, 3, 0],
						"1.04": [0, 0, 0]
					}
				}
			}
		},
		"attack": {
			"animation_length": 1.6,
			"bones": {
				"head": {
					"rotation": {
						"0.0": [0, 0, 0],
						"0.32": [7.52832, 4.95712, 0.65426],
						"1.08": [5.62037, -18.03695, -1.02491],
						"1.56": [0, 0, 0]
					}
				},
				"body": {
					"rotation": {
						"0.0": [0, 0, 0],
						"0.16": [0, -17.5, 0],
						"0.32": [0, -17.5, 0],
						"0.48": [0, 25, 0],
						"0.76": [0, 0, 0],
						"0.92": [0, 17.5, 0],
						"1.08": [0, 17.5, 0],
						"1.24": [0, -25, 0],
						"1.56": [0, 0, 0]
					}
				},
				"leftArm": {
					"rotation": {
						"0.92": [0, 0, 0],
						"1.08": [57.5, 0, 92.5],
						"1.24": [-30, 0, -92.5],
						"1.36": [-30, 0, -92.5],
						"1.56": [0, 0, 0]
					}
				},
				"rightArm": {
					"rotation": {
						"0.0": [0, 0, 0],
						"0.16": [0, 0, 0],
						"0.32": [57.5, 0, -92.5],
						"0.48": [-30, 0, -92.5],
						"0.6": [-30, 0, -92.5],
						"0.76": [0, 0, 0]
					}
				},
				"tail": {
					"rotation": {
						"0.0": [0, 0, 0],
						"0.32": [0, 0, 0],
						"0.6": [10, 0, 0],
						"0.76": [0, 0, 0],
						"1.08": [0, 0, 0],
						"1.36": [10, 0, 0],
						"1.52": [0, 0, 0]
					}
				},
				"soul": {
					"rotation": {
						"0.0": [0, 0, 0],
						"0.56": [7.5, 0, 0],
						"1.52": [0, 0, 0]
					}
				}
			}
		},
		"death": {
			"animation_length": 1,
			"bones": {
				"head": {
					"rotation": {
						"0.0": [0, 0, 0],
						"0.56": [-32.5, 0, 0]
					}
				},
				"leftArm": {
					"rotation": {
						"0.0": [0, 0, 0],
						"0.52": [60, 0, 95]
					}
				},
				"rightArm": {
					"rotation": {
						"0.0": [0, 0, 0],
						"0.52": [60, 0, -95]
					}
				},
				"tail": {
					"rotation": {
						"0.0": [0, 0, 0],
						"0.56": [20, 0, 0]
					}
				},
				"soul": {
					"scale": {
						"0.36": [1, 1, 1],
						"0.56": [1.2, 1.2, 1.2],
						"0.84": [0, 0, 0]
					}
				}
			}
		}
	}
}