{
	"format_version": "1.8.0",
	"animations": {
		"idle": {
			"loop": true,
			"animation_length": 1.04,
			"bones": {
				"body": {
					"rotation": {
						"0.0": [0, 0, 0],
						"0.28": [-5, 0, 0],
						"0.52": [0, 0, 0],
						"0.76": [5, 0, 0],
						"1.04": [0, 0, 0]
					}
				},
				"tail": {
					"rotation": {
						"0.0": [0, 0, 0],
						"0.52": [27.5, 0, 0],
						"1.04": [0, 0, 0]
					}
				},
				"body_up": {
					"rotation": {
						"0.0": [0, 0, 0],
						"0.28": [10, 0, 0],
						"0.52": [0, 0, 0],
						"0.76": [-8.05556, 0, 0],
						"1.04": [0, 0, 0]
					}
				},
				"neck": {
					"rotation": {
						"0.0": [0, 0, 0],
						"0.28": [5, 0, 0],
						"0.52": [0, 0, 0],
						"0.76": [-5, 0, 0],
						"1.04": [0, 0, 0]
					}
				},
				"head": {
					"rotation": {
						"0.12": [0, 0, 0],
						"0.24": [0.73218, 4.2453, 19.5623],
						"0.36": [0.73218, 4.2453, 19.5623],
						"0.44": [0.73218, 4.2453, 19.5623],
						"0.56": [0.92482, -4.75113, -22.01816],
						"0.68": [0.92482, -4.75113, -22.01816],
						"0.76": [0, 0, 0],
						"0.96": [0, 0, 0]
					}
				},
				"up": {
					"rotation": {
						"0.0": [0, 0, 0],
						"0.28": [-5, 0, 0],
						"0.52": [0, 0, 0],
						"0.76": [-5, 0, 0],
						"1.04": [0, 0, 0]
					}
				},
				"down": {
					"rotation": {
						"0.0": [0, 0, 0],
						"0.28": [10, 0, 0],
						"0.52": [0, 0, 0],
						"0.76": [10, 0, 0],
						"1.04": [0, 0, 0]
					}
				},
				"arm_1": {
					"rotation": {
						"0.0": [0, 0, 0],
						"0.32": [-12.5, 0, 0],
						"0.64": [12.5, 0, 0],
						"1.04": [0, 0, 0]
					}
				},
				"arm_0": {
					"rotation": {
						"0.0": [0, 0, 0],
						"0.32": [12.5, 0, 0],
						"0.64": [-12.5, 0, 0],
						"1.04": [0, 0, 0]
					}
				},
				"leg_0": {
					"rotation": {
						"0.0": [0, 0, 0],
						"0.52": [0, 5, 0],
						"1.04": [0, 0, 0]
					}
				},
				"leg_1": {
					"rotation": {
						"0.0": [0, 0, 0],
						"0.28": [0, -5, 0],
						"1.04": [0, 0, 0]
					}
				}
			}
		},
		"idle2": {
			"loop": true,
			"animation_length": 1.04,
			"bones": {
				"body": {
					"rotation": {
						"0.0": [0, 0, 0],
						"0.28": [-5, 0, 0],
						"0.52": [0, 0, 0],
						"0.76": [5, 0, 0],
						"1.04": [0, 0, 0]
					}
				},
				"tail": {
					"rotation": {
						"0.0": [0, 0, 0],
						"0.52": [27.5, 0, 0],
						"1.04": [0, 0, 0]
					}
				},
				"body_up": {
					"rotation": {
						"0.0": [0, 0, 0],
						"0.28": [10, 0, 0],
						"0.52": [0, 0, 0],
						"0.76": [-8.05556, 0, 0],
						"1.04": [0, 0, 0]
					}
				},
				"neck": {
					"rotation": {
						"0.0": [0, 0, 0],
						"0.28": [5, 0, 0],
						"0.52": [0, 0, 0],
						"0.76": [-5, 0, 0],
						"1.04": [0, 0, 0]
					}
				},
				"up": {
					"rotation": {
						"0.0": [0, 0, 0],
						"0.28": [-5, 0, 0],
						"0.52": [0, 0, 0],
						"0.76": [-5, 0, 0],
						"1.04": [0, 0, 0]
					}
				},
				"down": {
					"rotation": {
						"0.0": [0, 0, 0],
						"0.28": [10, 0, 0],
						"0.52": [0, 0, 0],
						"0.76": [10, 0, 0],
						"1.04": [0, 0, 0]
					}
				},
				"arm_1": {
					"rotation": {
						"0.0": [0, 0, 0],
						"0.32": [-12.5, 0, 0],
						"0.64": [12.5, 0, 0],
						"1.04": [0, 0, 0]
					}
				},
				"arm_0": {
					"rotation": {
						"0.0": [0, 0, 0],
						"0.32": [12.5, 0, 0],
						"0.64": [-12.5, 0, 0],
						"1.04": [0, 0, 0]
					}
				},
				"leg_0": {
					"rotation": {
						"0.0": [0, 0, 0],
						"0.52": [0, 5, 0],
						"1.04": [0, 0, 0]
					}
				},
				"leg_1": {
					"rotation": {
						"0.0": [0, 0, 0],
						"0.28": [0, -5, 0],
						"1.04": [0, 0, 0]
					}
				}
			}
		},
		"run": {
			"loop": true,
			"animation_length": 0.68,
			"bones": {
				"terror_bringer": {
					"position": {
						"0.0": [0, 0, 0],
						"0.4": [0, 2, 0],
						"0.68": [0, 0, 0]
					}
				},
				"body": {
					"rotation": {
						"0.0": [12.5, 0, 0],
						"0.36": [12.5, 0, 0]
					},
					"position": [0, -1, 0]
				},
				"body_up": {
					"rotation": {
						"0.0": [0, 0, 0],
						"0.36": [-10, 0, 0],
						"0.68": [0, 0, 0]
					}
				},
				"leg_0": {
					"rotation": {
						"0.0": [0, 0, 0],
						"0.2": [35, 0, 0],
						"0.48": [-35, 0, 0],
						"0.68": [0, 0, 0]
					},
					"position": {
						"0.0": [0, 0, 0],
						"0.32": [0, 0, -2],
						"0.68": [0, 0, 0]
					}
				},
				"leg_part_1": {
					"rotation": {
						"0.0": [0, 0, 0],
						"0.2": [50, 0, 0],
						"0.48": [35, 0, 0],
						"0.68": [0, 0, 0]
					}
				},
				"leg_1": {
					"rotation": {
						"0.0": [0, 0, 0],
						"0.2": [-35, 0, 0],
						"0.48": [35, 0, 0],
						"0.68": [0, 0, 0]
					},
					"position": {
						"0.0": [0, 0, 0],
						"0.32": [0, 0, 2],
						"0.68": [0, 0, 0]
					}
				},
				"leg_part_3": {
					"rotation": {
						"0.0": [0, 0, 0],
						"0.24": [35, 0, 0],
						"0.52": [50, 0, 0],
						"0.68": [0, 0, 0]
					}
				},
				"arm_1": {
					"rotation": {
						"0.0": [0, 0, 0],
						"0.12": [20, 0, 0],
						"0.52": [-20, 0, 0],
						"0.68": [0, 0, 0]
					}
				},
				"arm_part_3": {
					"rotation": {
						"0.0": [0, 0, 0],
						"0.2": [25, 0, 0],
						"0.44": [-20, 0, 0],
						"0.68": [0, 0, 0]
					}
				},
				"arm_0": {
					"rotation": {
						"0.0": [0, 0, 0],
						"0.12": [-20, 0, 0],
						"0.52": [20, 0, 0],
						"0.68": [0, 0, 0]
					}
				},
				"arm_part_1": {
					"rotation": {
						"0.0": [0, 0, 0],
						"0.2": [27.5, 0, 0],
						"0.44": [-13.75, 0, 0],
						"0.68": [0, 0, 0]
					}
				}
			}
		},
		"head_attack": {
			"animation_length": 0.68,
			"bones": {
				"body": {
					"rotation": {
						"0.0": [0, 0, 0],
						"0.12": [-20, 0, 0],
						"0.28": [-20, 0, 0],
						"0.44": [25, 0, 0],
						"0.52": [25, 0, 0],
						"0.68": [0, 0, 0]
					}
				},
				"body_up": {
					"rotation": {
						"0.0": [0, 0, 0],
						"0.28": [0, 0, 0],
						"0.44": [35, 0, 0],
						"0.68": [0, 0, 0]
					}
				}
			}
		}
	}
}